id,name,model_id:id,group_id:id,perm_read,perm_write,perm_create,perm_unlink
access_product_uom_categ_user,product.uom.categ.user,model_product_uom_categ,base.group_user,1,0,0,0
access_product_uom_user,product.uom.user,model_product_uom,base.group_user,1,0,0,0
access_product_ul_user,product.ul.user,model_product_ul,base.group_user,1,0,0,0
access_product_category_user,product.category.user,model_product_category,base.group_user,1,0,0,0
access_product_template_user,product.template.user,model_product_template,base.group_user,1,0,0,0
access_product_packaging_user,product.packaging.user,model_product_packaging,base.group_user,1,0,0,0
access_product_supplierinfo_user,product.supplierinfo.user,model_product_supplierinfo,base.group_user,1,0,0,0
access_pricelist_partnerinfo_user,pricelist.partnerinfo.user,model_pricelist_partnerinfo,base.group_user,1,0,0,0
access_product_price_type_user,product.price.type.user,model_product_price_type,base.group_user,1,0,0,0
access_product_pricelist_type_user,product.pricelist.type.user,model_product_pricelist_type,base.group_user,1,0,0,0
access_product_pricelist_user,product.pricelist.user,model_product_pricelist,base.group_user,1,0,0,0
access_product_pricelist_version_user,product.pricelist.version.user,model_product_pricelist_version,base.group_user,1,0,0,0
access_product_pricelist_item_user,product.pricelist.item.user,model_product_pricelist_item,base.group_user,1,0,0,0
access_product_pricelist_type_partner_manager,product.pricelist.type partner manager,model_product_pricelist_type,base.group_partner_manager,1,0,0,0
access_product_pricelist_partner_manager,product.pricelist partner manager,model_product_pricelist,base.group_partner_manager,1,0,0,0
access_product_product_employee,product.product employee,model_product_product,base.group_user,1,0,0,0
access_product_template_sale_manager,product.template salemanager,model_product_template,base.group_sale_manager,1,1,1,1
access_product_product_sale_manager,product.product salemanager,model_product_product,base.group_sale_manager,1,1,1,1
access_product_category_sale_manager,product.category salemanager,product.model_product_category,base.group_sale_manager,1,1,1,1
access_product_pricelist_nhom_sale_manager,product_pricelist_nhom salemanager,model_product_pricelist_nhom,base.group_user,1,0,0,0
access_product_pricelist_quyetdinh_manager,product_pricelist_quyetdinhm salemanager,model_product_pricelist_quyetdinh,base.group_user,1,0,0,0
access_product_pricelist_version_banhang,product.pricelist.version.banhang,model_product_pricelist_version,base.nhom_quan_ly_nguoidung_banhang,1,0,0,0
access_product_pricelist_item_banhang,product_pricelist_item,model_product_pricelist_item,base.nhom_quan_ly_danh_muc,1,1,1,1
access_product_pricelist_item_banhang,product_pricelist_item.banhang,model_product_pricelist_item,base.nhom_quan_ly_nguoidung_banhang,1,1,1,1
access_product_product_nguoidung_banhang,product.product nguoidung_banhang,model_product_product,base.nhom_quan_ly_nguoidung_banhang,1,0,0,0
access_product_category_nguoidung_banhang,product.category nguoidung_banhang,product.model_product_category,base.nhom_quan_ly_nguoidung_banhang,1,0,0,0
access_product_template_nguoidung_banhang,product.template nguoidung_banhang,product.model_product_template,base.nhom_quan_ly_nguoidung_banhang,1,0,0,0
access_product_pricelist_item_user,product.pricelist.item.user,model_product_pricelist_item,base.nhom_quan_ly_nguoidung_banhang,1,1,1,1
access_product_pricelist_version_nhom_quan_ly_trambanhang_lxh_haiduong,product.pricelist.version.banhang,model_product_pricelist_version,base.nhom_quan_ly_trambanhang_lxh_haiduong,1,0,0,0
access_product_pricelist_item_nhom_quan_ly_trambanhang_lxh_haiduong,product_pricelist_item,model_product_pricelist_item,base.nhom_quan_ly_trambanhang_lxh_haiduong,1,0,0,0
access_product_pricelist_item_nhom_quan_ly_trambanhang_lxh_haiduong,product_pricelist_item.banhang,model_product_pricelist_item,base.nhom_quan_ly_trambanhang_lxh_haiduong,1,0,0,0
access_product_product_nguoidung_nhom_quan_ly_trambanhang_lxh_haiduong,product.product nguoidung_banhang,model_product_product,base.nhom_quan_ly_trambanhang_lxh_haiduong,1,0,0,0
access_product_category_nguoidung_nhom_quan_ly_trambanhang_lxh_haiduong,product.category nguoidung_banhang,product.model_product_category,base.nhom_quan_ly_trambanhang_lxh_haiduong,1,0,0,0
access_product_template_nguoidung_nhom_quan_ly_trambanhang_lxh_haiduong,product.template nguoidung_banhang,product.model_product_template,base.nhom_quan_ly_trambanhang_lxh_haiduong,1,0,0,0
access_product_pricelist_item_nhom_quan_ly_trambanhang_lxh_haiduong,product.pricelist.item.user,model_product_pricelist_item,base.nhom_quan_ly_trambanhang_lxh_haiduong,1,0,0,0
access_product_pricelist_version_banhang_banggia,product.pricelist.version.banhang,model_product_pricelist_version,base.nhom_quan_ly_banhang_banggia,1,0,0,0
access_product_pricelist_item_banhang_banggia,product_pricelist_item,model_product_pricelist_item,base.nhom_quan_ly_banhang_banggia,1,0,0,0
access_product_pricelist_item_banhang_banggia,product_pricelist_item.banhang,model_product_pricelist_item,base.nhom_quan_ly_banhang_banggia,1,0,0,0
access_product_product_banhang_banggia,product.product nguoidung_banhang,model_product_product,base.nhom_quan_ly_banhang_banggia,1,0,0,0
access_product_category_banhang_banggia,product.category nguoidung_banhang,product.model_product_category,base.nhom_quan_ly_banhang_banggia,1,0,0,0
access_product_template_banhang_banggia,product.template nguoidung_banhang,product.model_product_template,base.nhom_quan_ly_banhang_banggia,1,0,0,0
access_product_pricelist_item_banhang_banggia,product.pricelist.item.user,model_product_pricelist_item,base.nhom_quan_ly_banhang_banggia,1,0,0,0
access_product_pricelist_giamgia_danhmuc,product_pricelist_giamgia danhmuc,model_product_pricelist_giamgia,base.nhom_quan_ly_danh_muc,1,1,1,1
access_product_pricelist_quyetdinh_danhmuc,product_pricelist_quyetdinh danhmuc,model_product_pricelist_quyetdinh,base.nhom_quan_ly_danh_muc,1,1,1,1
access_product_pricelist_giamgia_user,product_pricelist_giamgia user,model_product_pricelist_giamgia,base.group_user,1,0,0,0